,spe,high,dbh,ew,sn
1,58,5.04,6.2,2.12,2.9
2,58,4.85,6,1.86,2.05
3,58,4.83,6.3,2.18,2.42
4,58,5.25,8,3.2,3.11
5,58,5.35,8,2.98,2.92
6,58,6.1,7.7,2.52,2.38
7,58,5.7,8.3,2.93,3.18
8,58,5.03,7,2.3,2.17
9,58,4.85,5.4,2.25,1.28
10,58,4.95,5.4,2.74,2.03
11,58,4.95,6.4,2.39,2
12,58,4.55,4.2,2.23,1.82
13,58,5,6,2.82,2.54
14,58,4.95,6,2.32,2.45
15,58,5.7,7.1,2.52,1.88
16,58,5.15,6.8,2.55,2.73
17,58,5.35,6.5,2,2.03
18,58,5.8,4.62,1.85,2.25
19,58,6.5,6.23,2.97,2.16
20,58,6.1,6.64,1.82,2.4
21,58,6.3,6.75,2.78,2.15
22,58,6.1,6.94,2.76,2.43
23,58,6.4,7.84,2.95,2.75
24,58,5.9,5.61,2.1,2.48
25,58,6.5,8.73,3.18,2.68
26,58,6,6.37,2.16,2.44
27,58,5.35,6.5,2.3,1.84
28,58,5.4,5.6,1.81,2.17
29,58,5.45,6,2.18,1.74
30,58,5.25,4.8,1.7,1.83
31,58,5.35,6,2.05,2.32
32,58,5.55,6.2,2,2.2
33,58,5.75,7,2.35,2.02
34,58,5.65,6,2.15,2.2
35,58,5.35,5.7,2.29,1.73
36,58,5.45,5.4,1.07,1.47
37,58,5.35,6.7,2.18,1.7
38,58,5.25,6.6,1.9,2.09
39,58,5.95,7.4,2.35,2
40,58,6.05,7.7,2.98,2.8
41,58,6.3,7.6,2.21,2.32
42,58,6.2,6.97,2.1,2.7
43,58,6.4,7.72,2.52,2.83
44,58,6.1,7.28,2.88,2.88
45,58,6.6,7.9,2.55,2.84
46,58,5.9,4.8,2.13,2.63
47,58,6.1,6.1,2.18,2.68
48,58,6.1,6.12,2.17,2.45
49,58,6.2,7.8,2.32,2.58
50,286,4.5,4.41,1.47,1.85
51,286,4.6,4.1,2.03,1.73
52,286,4.1,3.91,1.49,1.76
53,286,3.9,3.84,1.68,1.42
54,286,3.6,3.3,1.1,1.07
55,286,3.95,3.1,1.18,1.47
56,286,3.15,3.5,1.16,1.16
57,286,3.35,2.4,1.06,1.15
58,286,4.8,5.82,1.44,1.44
59,286,4.5,4.58,1.95,1.45
60,286,5.5,6.13,1.78,2.1
61,286,4,4.5,1.64,1.5
62,286,5.1,6.58,1.96,1.98
63,286,5.4,5.52,1.92,1.67
64,286,5,7.14,2.15,2.14
65,286,4.7,5.4,2.13,2.42
66,286,5.2,6.9,2.9,2.33
67,286,4.95,4.4,1.85,1.85
68,286,4.75,5.3,1.2,1.55
69,286,5.15,6.15,2.05,2.15
70,286,4.85,5.5,1.53,2.25
71,286,4.75,5.5,1.46,1.6
72,286,4.85,4.2,1.13,1.25
73,286,4.8,4.3,2.24,1.92
74,286,6.2,5.97,2.16,1.84
75,286,5.7,5.98,1.81,1.98
76,286,6.2,6.05,2.03,3.09
77,286,4.9,5.02,1.76,1.45
78,286,6.1,7.74,2.68,3.36
79,286,5.2,6.33,1.81,2.38
80,286,6.4,6.8,1.87,2.41
81,286,6,5.32,1.44,2.25
82,286,5.9,6.18,2.16,2.32
83,286,5.6,6.8,3.37,3.33
84,286,5.3,6.2,2.5,2.48
85,286,5.35,6.7,2.43,2.64
86,286,5.45,6.2,2.61,2.04
87,286,5.6,6,2.4,2.48
88,286,5.7,7,2.48,2.19
89,286,5.8,6.4,2.75,2.1
90,286,5.85,7.2,2.3,2.3
91,286,5.95,7,2.1,2.03
92,286,5.65,7.3,2.47,2.28
93,286,6.46,8.6,3.38,3.15
94,286,6.12,7.4,2.73,2.29
95,286,6.09,7.3,2.67,2.68
96,286,6.03,7.1,2.65,2.7
97,286,6.05,7.3,2.2,3.05
98,286,5.81,6.8,2.9,2.23
99,286,5.55,7,2.44,2.5
100,286,5.53,6.1,2.2,1.8
101,286,4.8,6.06,1.24,1.7
102,286,6.3,7.4,2.15,2.16
103,286,5.9,6.19,2,1.93
104,286,4.3,4.73,0.9,1.08
105,286,5.9,6.9,1.6,1.92
106,286,6.3,7.75,2.5,2.6
107,286,6.2,6.42,2,2.24
108,286,6.4,6.92,2.5,1.8
109,286,6.5,6.5,2.44,2.57
110,286,5.45,6.8,2.33,2.3
111,286,5.15,6,2.41,1.89
112,286,4.45,5.5,1.87,2.15
113,286,4.35,4.4,1.57,2.12
114,20,4.15,5.1,1.83,1.63
115,20,4.8,6.2,2.19,1.98
116,20,4.8,5.3,1.76,1.93
117,20,4.1,5.2,1.77,1.52
118,20,4,4.4,1.73,1.6
119,20,3.28,3,1.4,1.53
120,20,4.37,5.4,2.15,2.34
121,20,4.5,5.1,2.04,2.14
122,20,5.08,5.4,2.08,2.08
123,20,5.12,7,2.38,2.17
124,20,4.89,6.3,2.53,2.38
125,20,5.19,6.1,2.53,2.16
126,20,4.56,5.8,2.22,2.06
127,20,4.74,6,2.11,1.83
128,20,5.45,6.6,2.19,1.87
129,20,4.6,5.7,1.83,1.94
130,20,5.9,5.6,2.33,2.03
131,20,4.8,5.38,2.12,1.55
132,20,5.7,6.4,2.13,3
133,20,5.5,5.55,1.36,1.53
134,20,6.3,5.7,2.15,2.46
135,20,6.8,6.33,2.05,1.68
136,20,4.7,5.72,1.56,1.7
137,20,4.8,5.4,1.89,1.56
138,20,3.6,3.6,1.42,1.48
139,20,4.1,4.37,1.57,1.43
140,20,5.5,5.82,1.66,1.76
141,20,4.2,4.92,2.2,2.2
142,20,6.1,6.38,2.03,2.4
143,20,4.6,4.6,1.8,2.3
144,20,5.39,6.7,2.22,2.15
145,20,5.69,5.7,2.44,2.05
146,20,5.34,7.2,2.59,2.72
147,20,5.28,6.2,2.85,2.69
148,20,5.56,7.1,2.44,2.54
149,20,5.87,7.7,2.69,2.85
150,20,5.36,7.7,2.66,2.45
151,20,6.01,7.8,2.88,3.04
152,20,6.02,8.7,3.63,3.06
153,20,5.31,7.1,2.69,2.55
154,20,5.35,6,2.27,2.29
155,20,5.51,7.4,3.11,2.54
156,20,5.15,7.1,2.28,3.04
157,20,5.4,7.7,3.07,2.55
158,20,6.27,7.8,3.02,2.92
159,20,5.59,6.2,2.82,3.33
160,20,6.5,8.6,3.22,3.32
161,20,5.9,7.3,2.58,2.62
162,20,4.95,5.8,2.21,1.55
163,20,5.45,6.5,1.85,2.16
164,20,5.6,7,2.45,2.2
165,20,5.45,6.3,2.43,2.4
166,20,5.5,6.4,2.03,2.45
167,20,5.45,6.3,2.18,1.83
168,20,5.35,6.1,2.2,1.78
169,20,5.4,6,2.1,2.24
170,20,4.6,5.4,1.51,1.4
171,20,3.85,3.6,2.56,1.49
172,20,4.56,6.8,2.44,1.87
173,20,5.15,4.5,1.94,1.45
174,20,5.25,5.1,1.95,1.55
175,20,4.75,5.5,1.44,1.38
176,20,4.9,6.5,1.89,1.67
177,20,5.15,6,1.91,1.64
178,20,5.05,5.3,1.99,1.77
179,20,4.6,5.3,1.76,2.05
180,20,6.4,5.75,2.23,2.28
181,20,4.7,5.7,1.76,1.88
182,20,6.3,7.25,2.42,2.48
183,20,4.9,7.71,1.95,1.74
184,20,6.1,6.25,2.44,2.18
185,20,6.2,6.21,1.72,1.72
186,20,5.6,7.15,2.95,2.87
187,20,6.1,7.2,2.42,2.46
188,20,5.7,6.64,3.06,2.91
189,20,6.1,6.22,2.15,1.98
190,20,6.2,5.28,1.85,2.45
191,20,6.1,7.09,2.56,2.43
192,20,4.3,4.82,1.82,1.38
193,20,5.1,5.14,2.1,1.62
194,20,6.2,7.44,3.49,3.09
195,20,5.4,5.82,2.05,2.1
196,20,4.9,7.27,1.93,1.82
197,20,6.2,6.05,1.7,2.64
198,20,5.55,6.8,3.24,2.97
199,20,5.8,6.8,2.78,2.94
200,20,5.65,6.5,2.3,2.17
201,20,5.85,6.7,2.65,2.85
202,20,5.7,6.3,2.27,2.36
203,20,5.6,7.4,2.73,2.82
204,20,5.75,7.8,3.01,3.08
205,20,5.85,7.3,2.4,2.23
206,20,5.75,6.5,2.24,2.7
207,20,5.15,6.5,1.87,1.75
208,20,5.45,6.7,2.57,5.43
209,20,4.45,5.4,1.68,2.13
210,20,4.55,5.4,2,1.84
211,20,5.25,6.5,2.12,2.2
212,20,5.6,5.2,1.91,1.64
213,20,5.45,5.3,1.73,1.6
214,20,6.1,7.3,2.27,2.34
215,20,6.1,7.58,2.92,2.74
216,20,6,7.03,2.95,2.69
217,20,6.2,8.15,2.76,2.47
218,20,6.3,7.92,3.01,3.07
219,20,6.1,7.88,2.98,2.55
220,20,6.3,5.98,2.78,2.63
221,20,4.8,5.07,1.9,1.58
222,20,5.15,6.5,2.76,2.45
223,20,5.65,6,1.9,2.06
224,20,5.6,6.3,2.58,2.47
225,20,4.8,6.2,2.86,2.06
226,20,5.35,6.8,2.48,2.57
227,20,5.45,6.5,2.46,2.39
228,20,5.35,7.7,1.85,2.16
229,20,5.25,5.6,1.9,2.09
230,20,5.05,6.3,1.54,1.87
231,20,5.15,6,1.93,2.61
232,20,4.65,5.4,2,1.85
233,20,4.35,4.9,1.77,1.78
234,20,4.35,4.8,1.59,1.45
235,20,4.55,4.5,1.77,1.6
236,20,4.45,5.1,1.63,2
237,20,4.05,4,1.48,1.5
238,20,4.35,5.1,1.67,1.84
239,20,4.05,3.8,1,1.6
240,20,6.1,6.4,1.81,2.01
241,20,4.5,3.67,1,1.28
242,20,4.9,5.5,1.85,1.6
243,20,4.3,4.99,1.6,1.84
244,20,5.9,5.47,2.1,1.7
245,20,5.9,6.48,2.32,2.12
246,20,6.2,7.28,2.35,2.5
247,20,6,6.5,2.1,2
248,20,6.4,6.05,2.7,2.58
249,20,6.4,6.7,2.18,2.58
250,20,6.5,7.02,2.52,2.74
251,20,5.8,6.22,2.15,2.34
252,20,6,6.47,2.04,2.38
253,20,6.2,6.42,2.43,3.04
254,20,4.6,4.44,1.64,1.64
255,20,4.75,4.8,1.97,1.98
256,20,4.38,4.7,1.86,1.93
257,20,4.45,4.3,1.81,1.85
258,20,4.45,5,2.07,2.56
259,20,4.85,6.5,2.2,2.51
260,20,5.05,4.5,2.26,2.41
261,20,5.35,4.3,2.58,3
262,20,5.6,5.22,1.96,2.04
263,20,4.7,4.37,2.16,1.96
264,20,5.2,5.7,2.16,2.5
265,20,5,5.06,2.27,1.9
266,20,4.9,5.07,1.44,1.85
267,20,5.3,5.92,2.68,2.38
268,20,5.2,5.5,2.48,2.5
269,20,4.6,5.85,1.3,1.4
270,20,4.7,5.05,2.07,2.2
271,20,4.85,5,2.2,1.8
272,20,4.35,4.6,1.85,2.4
273,41,5.13,7.3,2.5,2.42
274,41,5.34,6.5,2.19,1.99
275,41,4.92,6.5,2.81,2.24
276,41,5.33,6.6,1.93,2.04
277,41,5.41,7,2.23,2.51
278,41,5.11,5.7,2.2,2.31
279,41,4.69,5.9,2.17,2.64
280,41,5.37,7.4,2.1,2.85
281,41,4.42,5.1,2.08,1.95
282,41,5.9,6.25,1.85,2.06
283,41,6.1,6.02,2.26,2.16
284,41,5.9,6,2.08,2.01
285,41,6.1,6.47,2.02,2.3
286,41,6.2,6.12,2.04,2.08
287,41,4.6,5.02,1.7,2.05
288,41,5.44,8.3,3.31,2.85
289,41,5.72,7.3,1.97,2.39
290,41,5.47,6.4,2.21,1.87
291,41,5.58,7,2.59,2.56
292,41,5.26,6.6,2.57,2.79
293,41,5.3,6.7,2.53,2.4
294,41,5.39,7.2,2.9,2.59
295,41,5.49,7,3.24,2.95
296,41,5.36,7,2.37,2.3
297,41,4.4,5.26,1.97,1.87
298,41,4.5,5.11,2.04,2.08
299,41,4.9,5.75,1.78,1.79
300,41,4.9,5.89,1.55,1.36
301,41,4.7,6.3,1.66,1.94
302,41,5,6,1.85,2.33
303,41,4.3,7,1.92,1.69
304,41,4.7,5.3,1.49,1.61
305,41,3.2,4.46,1.28,1.08
306,41,4.6,3.97,1.78,2.02
307,41,5.3,5.7,2.1,2.44
308,41,4.5,4.95,1.63,1.78
309,41,3.9,4,1.2,1.4
310,41,5.7,5.52,1.93,2.18
311,41,5.9,4.62,2.37,2.05
312,41,5.8,5.61,2.12,1.94
313,41,6.2,7.67,2.95,2.62
314,41,5.55,6.3,2.12,2.06
315,41,5.75,8.1,2.53,2.45
316,41,5.25,5.8,2.09,2.18
317,41,5.4,6.9,2.1,2.53
318,41,5.35,5.8,1.89,1.79
319,41,5.15,6.5,2.26,1.86
320,41,6,5.99,2.31,2.38
321,41,5.7,6.41,2.18,2.05
322,41,5.2,5.97,1.91,2.16
323,41,4.9,5.98,1.64,1.86
324,41,5.8,5.45,1.74,1.77
325,41,5,4.94,1.47,1.52
326,41,4.4,7.08,2.26,1.92
327,41,6.1,5.6,1.6,2.04
328,41,5.45,4.9,1.63,1.4
329,41,5.7,6.1,2.42,1.6
330,41,5.55,6.9,2,2.2
331,41,5.45,4,1.23,1.83
332,41,5.45,5.6,1.93,2
333,41,5.45,5.5,1.64,1.82
334,41,5.35,5.4,2.12,1.93
335,41,5.45,7.3,2.67,2.93
336,41,5.45,5.5,2.33,2.4
337,41,5.25,5,2.12,1.99
338,41,5.35,5.5,2.31,2.23
339,41,5.05,5.4,2.15,2.2
340,41,4.95,6,2.18,1.87
341,41,5.65,6,2.13,1.94
342,41,6.3,6.91,1.35,1.42
343,41,5.3,6.58,2.02,2.45
344,41,5.8,5.36,1.66,1.65
345,41,6,6.41,2.24,2.38
346,41,5.5,4.97,1.91,1.89
347,41,5.9,6.82,2.27,2.6
348,41,5.8,5.54,2.41,1.88
349,41,5.7,7.06,2.41,2.51
350,41,5.4,6.53,2.23,2.15
351,41,5.45,7.2,2.54,1.96
352,41,5.4,5.5,2.07,2.1
353,41,5.6,7.2,2.47,2.15
354,41,5.25,5.7,2.54,2.12
355,41,5.75,7.8,2.86,2.33
356,41,5.8,7.9,2.25,2.04
357,41,5.65,7.4,2.7,2.59
358,41,5.7,8.4,2.37,2.68
359,41,5.65,7.6,2.8,3
360,41,5.65,6.1,3.03,2.2
361,41,5.65,7.8,3.1,3.1
362,41,5.95,8,2.84,2.36
363,41,4.8,5.21,1.73,2.13
364,41,5.2,5.59,1.94,2.33
365,41,6.2,6.28,2.3,2.35
366,41,5.7,5.38,2.88,2.07
367,41,5.9,5.98,2.51,2.25
368,41,6.1,6.58,2.34,2.54
369,41,4.9,5.89,2.26,2.36
370,41,4.9,5.31,2.55,2.6
371,41,4.9,6.2,1.88,1.76
372,41,4.5,3.62,1.43,1.23
373,41,5.5,6.5,2.28,2.44
374,41,4.8,6,1.85,2.12
375,41,5.1,5.72,1.91,2.02
376,41,5.4,5.65,1.97,2.08
377,41,4.6,4.9,2.02,1.9
378,41,4.5,4.24,1.23,1.2
379,41,4.6,4.27,1.15,1.34
380,41,6.4,6.48,1.93,1.93
381,41,6.4,6.15,1.95,1.95
382,41,4.8,5.1,1.62,1.53
383,41,5.9,5.92,2.32,2.14
384,41,6.2,4.75,1.4,1.34
385,41,4.7,6.2,2.19,2
386,41,4.7,4.6,1.45,1.65
387,41,4.1,3.41,1.36,1
388,41,4.75,5.4,1.64,1.93
389,41,4.65,5,1.85,2.25
390,41,4.45,4.8,1.49,1.8
391,41,4.35,3.4,1.44,1.53
392,41,5.15,5.3,1.83,2.43
393,41,5.15,6.4,2.18,2.66
394,41,4.35,4.6,1.12,1.46
395,41,4.4,3.79,1.05,1.1
396,41,4.6,6.24,2,1.65
397,41,3.8,3.8,0.66,0.66
398,41,4.3,5.95,1.8,2
399,41,5.3,6.3,2.44,2.6
400,41,5.85,8,3.67,3.25
401,41,5.65,7.6,3.1,3.1
402,41,5.75,6.6,3.24,2.9
403,41,5.75,7.5,3.23,2.94
404,41,5.45,6.1,2.57,2.06
405,41,4.85,4.5,2.16,2.56
406,41,4.65,5.1,2.2,2.48
407,41,3.9,3.8,1.4,1.38
408,41,4.85,6,2.4,2.23
409,41,4.5,5,1.4,1.7
410,41,3.3,3.33,1.15,1.17
411,41,4.1,5.41,1.55,1.85
412,5,4.04,4.2,1.91,1.57
413,5,4.45,4.9,1.91,2.11
414,5,4.59,6,2.18,2.09
415,5,5,6.22,1.82,1.88
416,5,4.7,5.4,1.86,1.72
417,5,4.7,4.95,1.5,1.37
418,5,3.7,3.9,1.6,1.58
419,5,5.1,5.31,1.67,1.5
420,5,5.6,5.73,1.8,1.9
421,5,4.6,5.72,2.31,2.15
422,5,5.9,7.1,1.95,1.52
423,5,4.7,6.08,2.2,2.4
424,5,6.2,7.02,2.58,2.46
425,5,6.1,5.75,1.97,1.92
426,5,5.3,1.87,2.48,2
427,5,6,7.22,1.8,1.84
428,5,5.4,7.41,2.79,2.78
429,5,6.2,7.05,2.76,2.58
430,5,5.6,5.47,2.66,2.78
431,5,6.3,7.02,2.33,2.81
432,5,5.7,6.9,2.13,2.1
433,5,4.55,4.1,2.06,2.15
434,5,5.5,5.3,1.8,2.06
435,5,5.15,5,2.29,2.13
436,5,5.35,6.8,2.42,2.19
437,5,5.55,7.4,2.54,2.81
438,5,5.85,6.8,2.32,2.7
439,5,5.45,5.8,2.71,2.95
440,5,6,6.4,2.08,2.05
441,5,6.1,7.42,2.76,2.96
442,5,6.1,7.64,2.87,2.96
443,5,6.2,7.81,3.68,2.76
444,5,6.1,6.43,3.15,2.57
445,5,6.3,7.71,3.22,3.3
446,5,6.4,8.23,3.4,3.11
447,5,4.5,6.22,2.11,1.72
448,5,6,6.72,2.05,1.88
449,5,5.9,5.6,2.1,1.92
450,5,4.7,4.6,1.78,1.5
451,5,5.1,7.2,2.32,2.6
452,5,6.1,6.06,1.9,1.8
453,5,5.9,6.07,2,2.47
454,5,5.7,5.72,2.04,1.78
455,5,6.1,5.9,2.15,2.21
456,5,6.4,6.1,1.7,1.36
457,5,5.45,6,1.66,1.7
458,5,4.9,5.9,1.6,1.41
459,5,5.1,6.1,1.92,2.03
460,5,3.5,3.35,1.86,1.4
461,5,4.6,4.8,1.6,1.72
462,5,4.4,5.54,1.92,2.01
463,5,4.7,5.02,1.85,2
464,5,4.7,5.04,2.04,2.08
465,5,5,4.89,1.66,1.78
466,5,4.8,5.4,1.48,1.68
467,5,4.5,5,1.76,1.88
468,46,4.6,5.6,1.7,2.05
469,46,4.7,5.42,2.05,1.85
470,46,4.7,5.95,2.47,2.1
471,46,5,5.45,2.1,2.44
472,46,4.7,5.96,1.7,1.78
473,46,4.43,5,2.18,1.92
474,46,4.96,6.4,2.13,2.62
475,46,4.63,6.3,2.02,2.1
476,46,4.59,5.3,1.82,1.86
477,46,6.2,6.21,2.6,2.14
478,46,5,5.9,2.1,2.06
479,46,6.2,7.48,2.14,2.08
480,46,4.6,4.33,1.95,1.7
481,46,6.2,6.5,2.47,2.2
482,46,4.7,4.92,1.84,4.6
483,46,5.42,7.6,3.3,3.33
484,46,5.41,6.8,2.19,2.36
485,46,5.45,7.4,2.91,2.73
486,46,3.5,6.2,1.49,1.59
487,46,5.14,5.8,1.87,1.75
488,46,4.83,6.7,2.55,2.52
489,46,5.09,4.5,1.89,2.45
490,46,4.94,5.9,1.7,2.25
491,46,5.45,6.3,2,2.24
492,46,4.85,5.5,2.22,1.82
493,46,4.45,5.5,2.12,1.88
494,46,4.5,6,2.46,1.97
495,46,4.4,4.9,1.23,1.27
496,46,3.55,3.5,1.11,1.31
497,46,4.35,4,1.45,1.95
498,46,4.45,4.2,1.76,1.85
499,46,4.45,4.4,1.8,1.75
500,46,4.2,3.6,1.51,1.54
501,46,4.85,6.5,2.55,2.32
502,46,4.35,4.8,2.1,1.73
503,46,4.95,6,2.2,1.9
504,46,4.85,6.2,1.91,1.91
505,46,4.7,4.8,2.75,1.73
506,46,4.85,5.3,2.07,1.7
507,46,5.05,5.1,2.08,1.9
508,46,5.05,6.5,2.17,1.55
509,46,5.15,6,2.71,1.58
510,46,5.05,6,2.27,1.55
511,46,6.1,4.62,1.45,2.4
512,46,6.1,6.03,2.19,2.92
513,46,6.1,7.37,2.56,2.5
514,46,6.1,7.06,2.55,2.38
515,46,5.6,4.97,2.17,2.25
516,46,6.1,5.74,2.74,1.92
517,46,5.6,6.2,2.53,1.42
518,46,6.4,8.21,6.25,6.47
519,46,6.1,6.66,2.54,2.67
520,46,5.65,6.2,1.97,1.89
521,46,5.55,4.8,2.12,1.92
522,46,5.75,6.5,3,2.9
523,46,5.65,6.8,2.65,2.53
524,46,5.65,6.8,2.22,2.28
525,46,5.6,7.3,2.7,3.1
526,46,5.15,6.7,2.48,2.27
527,46,5.9,8.4,3.44,3.03
528,46,6.05,7.5,2.82,3
529,46,6.15,7.1,3.06,2.77
530,46,6.25,7.6,3.5,2.8
531,46,5.65,5.3,1.65,2.13
532,46,5.75,7,2.18,1.75
533,46,5.85,7,2.11,2.15
534,46,8.85,7.4,2.68,2.53
535,46,5.55,5.3,2.05,1.54
536,46,5.35,6.5,2.29,2.28
537,46,5.25,5.9,2.13,1.9
538,46,4.85,6.2,2.44,2.11
539,46,5.35,6.4,2.14,2.5
540,46,5.3,7.1,2.98,2.67
541,46,5,6.5,2.41,2.66
542,46,4.8,7.4,2.11,2.8
543,46,5,5.3,2.05,2.38
544,46,5.25,5.8,2.15,2.55
545,46,5.75,7.4,2.56,2.93
546,46,4.75,6.5,2.11,2.22
547,46,5.25,6,2.44,2.32
548,46,5.35,6.4,2.67,2
549,46,5.35,6.2,2.62,2.75
550,46,4.65,5.2,2.26,2
551,46,2.8,2.2,1.1,1.05
552,46,3.5,3.2,1.36,1.73
553,46,3.5,3,1.2,0.97
554,46,3.8,3,1.2,0.75
555,46,3.8,4,1.4,1.3
556,46,4.65,5.8,2.05,2.16
557,46,4.95,5.5,2.41,1.84
558,46,4.65,5.5,1.91,2.13
559,46,4.75,5.1,1.7,1.98
560,46,4.85,5.6,1.75,2
561,46,3,3.5,1.2,1.18
562,46,4.95,6.7,1.94,1.75
563,46,4.75,5,1.76,1.83
564,46,5.45,5.3,2.46,1.75
565,46,6.1,6.12,2.38,2.23
566,46,4.5,4.62,1.6,2
567,46,4.9,5.65,2.2,2.25
568,46,3.3,5.9,1.6,1.75
569,46,5,5.11,2.16,2.02
570,46,4.9,6.75,2.22,2.32
571,46,4.7,5.37,2.28,1.98
572,46,4.7,5.16,1.25,1.4
573,46,4.8,5.96,1.94,2.26
574,46,5.95,8.2,3.01,3.3
575,46,6.35,7.6,3.4,2.7
576,46,5.35,7.3,2.54,2.97
577,46,5.75,8.5,3.45,3.08
578,46,5.65,7.4,3.1,2.7
579,46,6.13,9.8,3.2,2.74
580,46,4.15,4.4,1.92,1.87
581,46,4.05,4.5,1.87,1.64
582,46,4.35,4.8,1.58,2.06
583,46,3.85,3.2,1.31,1.59
584,46,4.45,5.2,1.54,1.76
585,46,4.75,5.5,2.9,2.81
586,46,4.95,5.7,2.4,2.56
587,46,5.65,7.3,2.9,2.95
588,46,4.95,5.4,1.6,1.79
589,46,4.55,5.8,1.89,1.88
590,51,5.61,7.5,2.92,2.36
591,51,5.44,8.6,1.98,2
592,51,5.51,7.6,1.53,2.02
593,51,5.77,8,2.73,1.89
594,51,5.35,6.5,1.94,1.91
595,51,5.08,5.9,2.5,1.6
596,51,4.8,6.1,2.6,2.66
597,51,5.6,7.36,2.8,2.2
598,51,6.3,6.9,2.35,2.03
599,51,4.7,5.3,2.8,2.2
600,51,5.6,6,2.4,2.15
601,51,5.9,6.88,2.14,2.84
602,51,4.15,7.9,2.96,3
603,51,5.75,8,3.01,2.96
604,51,5.75,7.5,2.67,2.3
605,51,5.85,7.4,2.34,2.3
606,51,5.45,6.4,2.43,2.91
607,51,5.4,7.1,1.91,2.35
608,51,4.95,5.8,1.14,1.6
609,51,5.35,5.6,2.68,2.47
610,51,5.3,6,1.95,2.27
611,51,5.45,7,2.38,1.91
612,51,5.35,7.3,2.87,2.35
613,51,5.3,5.8,2.4,1.85
614,51,5.6,7.7,2.15,2.32
615,51,5.65,7.5,2.74,2.88
616,51,5.5,6.8,2.98,2.4
617,51,5.65,7.8,2.75,2.26
618,51,6.3,7.9,3.06,2.52
619,51,5.95,7.2,2,2.31
620,51,5.45,5.6,2.28,2.17
621,51,5.65,6.8,2.37,2.28
622,51,5.05,5.5,2.12,2.1
623,51,5.15,6.2,2.63,2
624,50,3.7,4.17,1.35,1.5
625,50,4.1,4.6,1.73,1.78
626,50,3.3,4.17,1.58,1.44
627,50,4,3.82,1.5,1.46
628,50,4.3,4.4,1.55,1.82
629,50,4.8,5.53,2.3,1.96
630,50,3.4,3.35,1.25,1.38
631,50,5.6,5.3,2.1,2.48
632,50,4.6,4.46,1.74,1.64
633,50,6.1,6.41,2.7,2.79
634,50,6.1,6.05,1.8,1.96
635,50,6.2,7.05,2.36,2.4
636,50,6.2,6.59,2.25,1.9
637,50,6,6.38,2.12,2.15
638,50,5.45,7.4,2.2,2.4
639,50,5.63,7.5,2.91,2.86
640,50,5.59,8,2.72,2.85
641,50,5.12,6,2.47,2.38
642,50,5.17,5.4,1.81,1.97
643,50,5.19,7.3,2.47,2.54
644,50,4.6,4.95,1.89,1.61
645,50,4.6,5.17,1.95,1.86
646,50,4.1,3.95,1.98,1.82
647,50,4.8,5.07,1.7,1.98
648,50,5.2,5.5,1.66,1.88
649,50,4.6,5.61,1.52,1.63
650,50,4.7,5.02,1.84,2.03
651,50,4.8,1.95,5.2,2.33
652,50,4.9,5.88,1.93,2.06
653,50,4.95,4.2,1,1.3
654,50,5.45,6.3,1.69,1.4
655,50,5.5,8.2,1.89,2.25
656,50,5.55,6.8,2.3,2.74
657,50,5.5,6.1,1.53,1.9
658,50,5.6,7.6,2.32,1.86
659,50,5.05,6.8,1.8,1.69
660,50,5.15,6.6,2.35,1.75
661,50,5.5,6.8,2.15,2.4
662,50,4.65,5.3,2.47,1.77
663,50,5.15,5.9,2.17,2.6
664,50,5.2,5.8,2.06,2.03
665,50,5.55,5.7,2.09,2.15
666,50,5.35,5.7,2.01,2.3
667,50,5.35,6.3,2.93,1.99
668,50,6.1,8.04,2.5,2.63
669,50,6.3,6.48,2.3,2.78
670,50,6.1,7.88,2.34,2.58
671,50,6.2,7.2,2.06,2.17
672,50,6,7.11,2.66,2.91
673,50,6.1,6.88,2.76,2.16
674,50,6,6.88,2.65,1.92
675,50,6,6.78,1.6,1.48
676,50,6.1,7.38,1.62,2.47
677,50,5.35,7.2,2.89,2.42
678,50,6.35,7.3,2.98,2.99
679,50,5.55,7,2.57,2.56
680,50,5.45,6.8,2.56,2.23
681,50,5.75,7.8,2.41,2.6
682,50,5.65,6.6,2.04,2.31
683,50,5.35,5.9,1.93,1.77
684,50,6.15,7.3,2.93,2.48
685,50,5.65,7.3,2.54,2.45
686,50,5.75,6.3,2.22,1.67
687,50,5.85,7.2,2.41,2.16
688,50,5.45,7.3,2.75,2.57
689,50,5.7,5.31,1.68,1.78
690,50,5.7,6,1.78,1.88
691,50,6,6.37,1.77,1.55
692,50,5.7,6.05,1.65,2.14
693,50,4.6,5.07,1.8,2.16
694,50,5.7,5.91,1.9,3.34
695,50,4.9,6.02,1.9,1.75
696,50,5.3,5.97,1.82,2.12
697,50,5.2,5.66,1.5,2.1
698,50,5.75,6.6,2.37,2.34
699,50,5.45,5.8,1.87,2.3
700,50,5.45,6.8,2.55,2.32
701,50,4.65,5.4,1.81,1.76
702,50,4.85,6.2,1.85,1.91
703,50,4.55,4.6,1.87,1.48
704,50,5.45,6.2,1.87,1.99
705,50,5.45,7.1,1.96,2.1
706,50,5.75,8.9,3,2.75
707,50,6,7.07,2.12,2.48
708,50,6.5,6.3,1.84,1.7
709,50,5.9,7.4,2.8,2.06
710,50,5.7,5.2,1.95,2.06
711,50,6.3,6.9,2.65,2.4
712,50,6.2,7.4,2.4,2.76
713,50,6.1,7.3,2.1,2.43
714,50,6.1,6.95,2.62,2.56
715,50,6.4,6.7,2.38,2.4
716,50,5.45,8.8,3.17,3.05
717,50,5.35,6.2,3.03,2.25
718,50,5.15,6,2.8,2.7
719,50,5.05,5.1,2.5,2.17
720,50,4.45,5,2.44,2.02
721,50,5.75,6.4,1.75,1.88
722,50,4.35,4.7,2.02,1.48
723,50,4.45,5.8,1.83,1.85
724,50,4.65,5.1,2.1,2.5
725,50,2.85,3.5,1.16,1.13
726,50,4.05,4.3,2.31,1.92
727,50,5.15,6.2,2.39,2.3
728,7,4,4.79,1.67,1.6
729,7,4.9,6.9,2.09,1.87
730,7,4.7,5.25,1.8,1.92
731,7,4.6,5.8,2.15,1.76
732,7,4.7,6.2,2.01,1.68
733,7,4.5,6.2,2.48,1.9
734,7,4.15,6,1.72,1.5
735,7,4.7,6.4,1.87,1.96
736,7,5.05,5.6,1.5,1.2
737,7,4.85,4,1.67,1.5
738,7,5.25,5.7,1.46,1.74
739,7,5.85,6,1.9,1.57
740,7,4.85,4.5,1.88,1.91
741,7,5.4,4.6,1.77,1.49
742,7,5.6,6.4,1.93,1.91
743,7,6.5,7.67,2.04,2.02
744,7,5.7,6,2.08,2.66
745,7,6.2,7.37,2.27,2.27
746,7,6.1,6.56,2.31,2.05
747,7,6.4,6.8,2.61,2.38
748,7,4.8,5.45,2.36,1.87
749,7,6,5.87,2.53,2.54
750,7,6.1,6.28,1.8,2.28
751,7,6.3,7.1,2.47,2.38
752,7,5.5,6,2.62,2.48
753,7,5.25,6.9,2.45,2.77
754,7,5.65,7.5,3.04,3.4
755,7,5.45,7.4,2.91,2.77
756,7,5.5,7.6,3.57,3.04
757,7,5.7,6.8,2.52,2.54
758,7,5.35,8,2.92,2.77
759,7,5.75,8.2,3.06,3
760,7,5.55,8,2.93,2.57
761,7,5.37,6.3,1.89,1.98
762,7,5.42,6.5,2.2,2.33
763,7,5.28,6.6,2.44,2.25
764,7,5.39,7.2,2.4,1.84
765,7,5.75,6.7,2.39,2.35
766,7,5.65,7.4,2.72,2.56
767,7,5.15,5.4,1.98,2.11
768,7,5.35,6.7,2.34,2.14
769,7,5.45,6.8,1.93,2.24
770,7,3.9,3.25,1.3,0.9
771,7,4.9,5.5,2.6,1.87
772,7,5.4,5.5,1.8,2.24
773,7,4.75,6,2.7,2.68
774,7,4.35,4.6,1.85,2.04
775,7,4.05,4.2,1.7,2.1
776,7,4.25,4.6,1.9,1.97
777,34,4.5,4.11,1.47,1.65
778,34,4,3.85,1.46,1.38
779,34,5.1,5.59,2.04,1.65
780,34,4.7,7.01,1.88,1.56
781,34,4.1,4.5,1.75,1.35
782,34,3.9,4.2,1.78,1.5
783,34,4.2,6,1.59,1.73
784,34,3.05,4.2,1.84,1.94
785,34,4.92,6.2,2.42,2.03
786,34,5.24,6.8,2.98,2.01
787,34,5.22,5.7,2.44,1.7
788,34,5.31,6,1.96,1.73
789,34,4.89,6,2.13,1.83
790,34,4.25,5.6,2.13,1.85
791,34,4.32,6,2.05,1.91
792,34,5.5,6.4,2.8,2.45
793,34,5.9,6.8,2.7,3.2
794,34,5.5,5.75,2.22,2.35
795,34,5.9,7.4,3.05,3.2
796,34,6.5,7.5,3.6,2.6
797,34,6.2,7.3,2.6,2
798,34,5.3,5.91,1.36,1.2
799,34,3.6,5.38,1.27,1.25
800,34,4.8,6.4,1.87,1.87
801,34,5.3,6.5,2,2.2
802,34,5.5,6.31,2.32,1.91
803,34,5.4,6.47,2.4,2.03
804,34,6.2,7.3,2.2,2.3
805,34,6.5,7.9,3.3,2.8
806,34,5.05,5.2,1.92,1.73
807,34,5.3,5.5,1.83,1.68
808,34,4.35,3,1.27,1.25
809,34,4.55,4.1,1.75,1.45
810,34,4.6,4.7,1.39,1.26
811,34,5.4,5.9,1.7,1.68
812,34,5.35,5.6,1.42,1.5
813,34,5,5.5,1.97,1.65
814,34,4.95,5.3,1.6,1.45
815,34,5.15,7.8,2.41,2.36
816,34,5.15,4.9,1.97,1.5
817,34,5.05,5.4,2.62,2.45
818,34,5.05,5.6,2.4,2.7
819,34,5,4.9,2.18,2.16
820,34,5.3,5.8,1.7,1.9
821,34,4.35,3.8,1.56,1.7
822,34,4,3.5,1.42,1.23
823,34,4.35,4,1.7,1.51
824,34,4.45,3.7,1.46,1.46
825,34,5,6,1.98,1.38
826,34,5.05,5.6,1.61,1.78
827,34,6.4,7.51,3,3.18
828,34,5.6,5.5,2.43,2.63
829,34,6.3,6.95,3.08,3.21
830,34,6.6,4.58,3.12,2.68
831,34,6.5,6.97,3.12,2.34
832,34,5.3,5.2,1.58,1.59
833,34,6.2,7.2,2.71,2.86
834,34,6.3,6.71,2.3,2.55
835,34,6.4,7.38,2.83,3.16
836,34,5.75,7.4,3.65,2.71
837,34,5.15,4.8,2.5,2.3
838,34,5.05,5.5,1.98,2.25
839,34,5.8,6.5,2.1,2.2
840,34,4.75,5.5,2.08,2.17
841,34,5.95,8,2.61,2.8
842,34,5.45,6.8,2.45,2.34
843,34,5.6,8,3.08,2.38
844,34,5.75,6.5,2.57,2.23
845,34,5.75,7.8,2.06,2.68
846,34,5.75,7.1,2.38,3.02
847,34,5.75,4.9,2.78,2.13
848,34,5.8,7.1,2.73,2.21
849,34,5.5,6,2.25,1.9
850,34,5.42,6.8,1.84,1.83
851,34,5.72,7.3,2.08,1.83
852,34,5.32,7.4,2.12,1.58
853,34,5.21,5.5,1.85,1.18
854,34,5.44,6,1.85,2.39
855,34,5.34,8.4,3.37,2.82
856,34,5.45,6,2.41,2.33
857,34,5.24,6,2.48,1.99
858,34,5.61,6.5,2.45,2.09
859,34,3.95,3.3,1.25,1.3
860,34,4.3,3.7,1,0.93
861,34,4.1,3.85,1.26,2.25
862,34,4.2,4.8,1.13,1.48
863,34,4.2,5.26,2,1.4
864,34,3.9,3.7,0.8,0.65
865,34,5,5.1,2.3,1.95
866,34,5,5.05,2,1.7
867,34,4.25,3.8,1.48,1.36
868,34,5.35,5.9,2.29,2.17
869,34,5.45,7.5,2.06,2.77
870,34,5.95,8.5,3.33,3.18
871,34,5.55,7.3,3.44,2.36
872,34,4.35,5.3,2.03,1.5
873,34,4.75,6.5,2.19,2.5
874,34,4.95,6,2.2,2.25
875,34,4.85,5.8,2.35,2.45
876,65225,5.7,6.7,1.94,1.82
877,65225,5.07,7,2.3,2.44
878,65225,5.33,6.9,2.25,2.4
879,65225,4.74,5.6,1.89,1.99
880,65225,5.3,6,1.8,1.8
881,65225,4.84,5.3,2.69,2.53
882,65225,5.03,5.4,2.2,1.78
883,65225,5.01,5.6,2.17,2.05
884,65225,4.98,5.9,2.35,1.69
885,65225,5.08,5.5,1.69,1.48
886,65225,5.21,5.4,2.25,2.47
887,65225,5.24,5.7,2.49,2.05
888,65225,5.59,7.2,2.78,2.06
889,65225,4.99,6.9,2.76,2.72
890,65225,5.13,6.4,2,1.83
891,65225,4.8,6.3,2.9,1.93
892,65225,5.9,6.35,2.2,2.42
893,65225,6.1,6.32,2.6,3.4
894,65225,6.1,6.7,2.36,2.36
895,65225,5.7,6.4,2.03,2.5
896,65225,5.7,6.3,2.38,2.53
897,65225,4.65,5.85,2.05,2.23
898,65225,4.1,4.31,1.64,1.35
899,65225,4.5,5.93,2.06,1.59
900,65225,4.1,4.2,1.57,1.82
901,65225,4.2,4.9,1.92,1.56
902,65225,3.9,3.9,1.27,1.16
903,65225,4.55,5.2,1.48,1.42
904,65225,4.62,5,1.58,1.42
905,65225,5.9,6.63,2.01,2.12
906,65225,5,6.42,1.71,1.87
907,65225,5.4,5.86,2.24,2.67
908,65225,4.7,4.98,1.77,1.84
909,65225,4.9,5.13,1.65,1.52
910,65225,4.9,5.18,1.6,2.37
911,65225,4.7,4.36,1.23,1.32
912,65225,6.1,6.76,2.6,2.65
913,65225,4.5,3.5,1.74,1.96
914,65225,5.25,7,2.6,2.19
915,65225,5.05,5.7,2.34,1.83
916,65225,5.3,6.5,2.65,1.95
917,65225,5.05,6.8,2.65,2.54
918,65225,5.45,7,2.5,2.25
919,65225,4.75,4.9,1.92,1.73
920,65225,5.4,7.1,2.23,1.68
921,65225,5.5,7.1,2.82,2.36
922,65225,5.15,6.1,2,1.7
923,65225,5.25,5.5,2.1,1.6
924,65225,5.3,6.9,2.37,2.04
925,65225,5.6,6.4,1.8,2.33
926,65225,5.6,6,2.17,2.13
927,65225,5.65,6.3,2.22,1.65
928,65225,4.45,4.9,2.25,1.59
929,65225,5.8,5.9,2.2,1.77
930,65225,4.85,4.1,1.4,1.34
931,65225,5.05,4.3,1.65,1.37
932,65225,5.15,5.5,2.07,1.64
933,65225,4.6,3.9,1.02,0.9
934,65225,4.7,5.05,1.92,1.88
935,65225,4.8,5.4,2.66,2.01
936,65225,5.9,4.96,1.98,1.68
937,65225,5.9,5.06,1.72,2.18
938,65225,6,5.81,1.86,1.97
939,65225,5.9,5.37,1.62,1.66
940,65225,5.8,6.02,1.85,2.13
941,65225,6.1,6.9,1.93,2.56
942,65225,6.15,8,3.25,2.82
943,65225,5.45,6.9,1.95,2.45
944,65225,5.35,4.4,2.71,2.59
945,65225,5.45,6.5,1.92,2.01
946,65225,5.45,6,2.35,2.57
947,65225,5.6,4.9,1.1,1.35
948,65225,4.7,4.6,1.72,1.42
949,65225,4.9,5.3,1.58,1.43
950,65225,4.3,4.3,1.62,1.43
951,65225,4.9,5.5,1.96,1.5
952,65225,5.2,5.45,1.5,1.5
953,65225,5.2,4.2,1.14,1
954,65225,4.5,4.7,1.35,1.35
955,65225,4.6,4.6,1.6,1.43
956,65225,4.05,3.7,1.43,1.19
957,65225,4.35,4.5,1.77,1.4
958,65225,4.55,4.6,1.49,1.4
959,65225,4.25,4,1.65,1.42
960,65225,4.65,6,1.91,2.21
961,65225,4.55,4.5,2.09,1.84
962,65225,4.65,5.8,2.03,2.08
963,65225,5.25,6.8,2.01,1.87
964,65225,6.05,7,2.16,2.44
965,65225,5.35,5.5,2.12,2.03
966,65225,5.35,6,2.27,1.98
967,65225,5.25,7,1.94,1.91
968,65225,5.15,5.6,1.75,1.82
969,65225,4,3.62,1.2,1.26
970,65225,5.1,6.16,1.7,2.51
971,65225,4.8,6.15,2.4,2.15
972,65225,4.7,5.81,1.8,2.1
973,65225,4.65,6,1.97,1.82
974,65225,4.75,6.2,1.74,1.7
975,65225,4.65,5,1.95,1.91
976,65225,5.15,6,1.98,1.98
977,65225,5.85,7.4,2.97,2.86
978,65225,5.65,6.2,2.16,2.9
979,30,4.71,6.1,2.22,1.72
980,30,4.67,5.7,2.24,2.14
981,30,4.58,5.6,2.29,1.9
982,30,4.11,4.2,1.66,1.64
983,30,4.54,6,2.65,2.3
984,30,4.44,4.3,1.95,1.45
985,30,6.4,6.8,2.43,2.35
986,30,6.1,6.89,1.92,1.75
987,30,5.5,6.8,2.17,2.08
988,30,4.8,5.22,1.87,1.48
989,30,6.2,6.5,2.47,2.2
990,30,4.5,4.55,1.6,1.85
991,30,5.4,6.32,2.42,2.22
992,30,6.1,7.2,3.4,3
993,30,5.3,7.1,2.42,2.52
994,30,6.4,8.4,3.2,3.2
995,30,5,5.5,2.05,2.4
996,30,6.2,6.7,2.85,3.24
997,30,5.65,6.7,2.27,2.35
998,30,6,8,3.25,3.06
999,30,5.65,6.9,3.08,2.47
1000,30,5.75,7.9,3.14,3.06
1001,30,6.05,8.9,2.82,2.58
1002,30,6.15,8.3,3.64,2.7
1003,30,4.85,4.3,1.45,1.15
1004,30,6.05,8.3,2.8,3.29
1005,30,6.05,7,2.36,1.98
1006,30,6.15,9.4,2.96,3.1
1007,30,6.15,8.7,3.6,2.74
1008,30,5.7,7.7,2.56,2.6
1009,30,5.7,8.8,3.04,2.59
1010,30,5.65,6.4,2.75,3.43
1011,30,5.85,8,3.27,2.65
1012,30,4.14,4,1.98,2.2
1013,30,4.95,6,2.15,2.12
1014,30,6.05,8,2.78,2.77
1015,30,5.45,6.8,2.15,2.02
1016,30,5.55,7.6,2.52,2.27
1017,30,5.65,7,2.5,2.26
1018,30,4.85,5.2,2.15,2.2
1019,30,5.25,5.6,2.25,2.13
1020,30,5.45,7.5,2.6,2.55
1021,30,5.25,7.3,2.12,2.63
1022,30,4.45,4.8,1.85,1.66
1023,30,5.05,6.7,2.3,2.27
1024,30,4.15,4.1,1.23,1.12
1025,30,4.45,3.9,1.46,1.47
1026,30,5.05,6,2.54,2.05
1027,30,4.95,5,2.3,1.82
1028,58,4.5,6.4,2.9,3
1029,58,4.7,7.18,2.7,3.4
1030,58,4.8,5.35,2.65,3
1031,58,4.8,7.54,2.62,3.19
1032,58,4.8,5.93,2.43,2.93
1033,58,3.9,4.35,2.37,2.55
1034,58,4.1,5.55,2.42,2.77
1035,58,4.05,4.43,2.67,2.35
1036,58,4.1,3.68,3.35,3.3
1037,58,4.1,4.2,2.71,3.23
1038,58,4.1,4.28,2.64,2.95
1039,58,4.15,5.57,3.16,2.89
1040,58,4.1,4.5,2.41,2.96
1041,58,4,4.2,2.67,2.85
1042,58,3.9,4.7,2.85,3.16
1043,58,4.3,7,3.06,3.35
1044,58,4.3,6.65,3.17,3.55
1045,58,4.3,7,2.77,3.65
1046,58,4.3,5.05,2.62,2.81
1047,58,4.25,4.83,2.53,2.97
1048,58,4.3,7.33,3.15,3.46
1049,58,4.35,5.53,2.65,3.36
1050,286,4.3,5.68,2.17,2.71
1051,286,4.4,7.21,2.83,3.41
1052,286,4.1,3.48,2.43,2.91
1053,286,4.5,5.2,2.71,3.17
1054,286,4.05,3.91,2.47,2.9
1055,286,4.2,5.12,2.63,2.43
1056,286,3.9,2.77,2.1,2.45
1057,286,3.8,4.15,3.13,2.56
1058,286,4.5,6.2,2.81,3.57
1059,286,4.6,5.89,2.61,3.53
1060,286,4.5,5.87,2.85,3.71
1061,286,5,5.85,3.13,3.56
1062,286,4.9,5.6,3.31,3.71
1063,286,4.8,5.4,2.93,2.81
1064,286,4.9,5.3,2.47,3.13
1065,286,4,3.65,3.16,3.47
1066,286,4.1,5.7,2.57,3.05
1067,286,4.5,4.53,2.84,3.56
1068,286,4.1,3.3,2.47,3.16
1069,286,4.2,5.56,2.47,3.25
1070,286,4.4,5.33,2.75,2.89
1071,286,4.1,4,2.81,3.16
1072,286,4,3.95,2.65,2.7
1073,286,4.4,5.93,3.16,3.51
1074,51,4,3.78,2.94,2.85
1075,51,3.7,4.2,2.03,2.47
1076,51,3.7,4.6,3.14,3.06
1077,51,3.3,3.36,2.17,2.26
1078,51,3.7,4.25,2.46,3.06
1079,51,3.5,2.91,2.89,2.23
1080,51,4.7,5.85,2.74,2.85
1081,51,4.7,5.31,3.05,3.03
1082,51,4.2,4.28,2.87,3.25
1083,51,3.7,2.24,2.03,2.46
1084,51,3.3,2.2,2.71,2.35
1085,51,4.3,3.32,2.37,2.42
1086,51,4.9,4.5,2.62,3.25
1087,51,5.7,6.24,4.06,4.3
1088,51,4,4,3.46,3.35
1089,51,2.2,1.45,0.67,0.85
1090,51,2.1,1.28,0.87,1.25
1091,51,3.3,3.25,1.97,2.3
1092,51,4.1,3.8,3.35,2.54
1093,50,4,4.7,3.14,3.11
1094,50,4,5.81,2.61,2.56
1095,50,3.7,3.25,2.31,2.26
1096,50,3.7,3.9,2.61,2.58
1097,50,3.5,3.82,1.85,2.07
1098,50,3.4,3.5,2.16,2.41
1099,50,3.7,4.36,2.56,2.71
1100,50,4.05,3.21,2.75,2.92
1101,50,4.3,4.37,2.63,1.96
1102,50,4.4,6.05,3.96,2.95
1103,50,4.8,8.95,3.75,4.13
1104,50,4.4,5.75,2.97,3.15
1105,50,4.3,5.2,2.75,3.43
1106,50,4.2,5.43,3.49,2.93
1107,50,4.2,4.6,3.06,3.25
1108,50,4.4,5.83,2.74,3.25
1109,50,5,6.65,3.16,3.19
1110,50,5.6,6.68,2.97,3.94
1111,7,4.15,5.7,2.76,3.37
1112,7,4,3.83,2.47,2.67
1113,7,3.95,5.65,2.57,3.06
1114,7,3.9,4.82,2.42,2.51
1115,7,4.05,5.12,2.91,3.07
1116,7,3.7,2.97,2.71,2.47
1117,7,4.2,4.35,3.25,3.29
1118,7,3.2,2.5,2.67,2.35
1119,7,4,5.05,3.36,2.93
1120,7,3.1,2.3,2.16,2.47
1121,7,5.1,6.95,3.15,2.91
1122,7,5.1,6.3,3.45,3.5
1123,7,3.5,3.38,1.97,2.16
1124,7,3.3,2.33,1.86,2.56
1125,7,3.7,4.58,2.57,2.41
1126,7,3,3.05,2.71,2.53
1127,7,6.5,6.1,3.25,3.73
1128,34,1.9,1,1.36,1.37
1129,34,3.3,3.3,1.97,2.26
1130,34,3.5,4.21,2.16,2.67
1131,34,4.2,6.92,3.76,4.06
1132,34,3.2,3.5,2.67,2.51
1133,34,3.1,4.5,1.96,2.85
1134,34,4.2,2.7,3.09,3.23
1135,34,4.1,5.1,3.23,3.51
1136,34,3,1.88,1.85,2.16
1137,65225,3.8,4.71,2.73,2.67
1138,65225,4.1,5.3,2.64,3.04
1139,65225,4.3,4.41,3.04,3.17
1140,65225,4,3.65,2.97,3.17
1141,65225,4.1,4.78,2.85,3.16
1142,65225,3.8,4.69,3.37,3.03
1143,65225,4.1,6,3.25,3.73
1144,65225,4.45,6.48,3.46,3.9
1145,65225,4,4.27,2.9,3.48
1146,65225,3.5,2.75,1.89,2.05
1147,65225,3.8,4.42,2.47,3.65
1148,65225,3.7,3.89,2.17,2.65
1149,65225,3.9,5.25,2.65,3.36
1150,65225,4,3.75,2.44,2.36
1151,65225,4.2,4.8,2.65,2.71
1152,65225,4,4.5,3.21,3.65
1153,65225,4.2,4.9,3.67,3.25
1154,30,4,3.92,2.28,2.69
1155,30,4,3.81,3.16,3.63
1156,30,3.3,3.51,2.47,3.04
1157,30,3.8,4.76,2.83,2.89
1158,30,4.6,5.48,2.83,2.56
1159,30,4.2,6.4,3.13,2.56
1160,30,4.15,4.2,3.13,2.93
1161,30,3,1.2,1.15,1.91
1162,30,2.9,2,2.11,1.85
1163,30,3,2.42,1.53,2.31
1164,30,3.2,3.1,2.61,2.52
1165,30,5.5,7.25,4.3,3.93
1166,30,4.1,4.5,2.85,3.07
1167,30,3.9,3.63,2.91,3.06
1168,30,3.5,2.03,1.7,2.51
1169,58,7.6,10.2,3.98,4.5
1170,58,7.5,8.7,3.19,3.71
1171,58,7.3,8.7,3.29,3.49
1172,58,7.5,9.7,3.8,3.63
1173,58,7.4,9.2,3.5,3.8
1174,58,7.5,9.4,3.47,3.56
1175,58,7.1,8.9,3.87,3.96
1176,58,7.1,8.65,4.13,3.99
1177,58,7,7.21,3.12,3.66
1178,58,7,8.38,4,3.55
1179,58,7.1,8.6,3.81,3.4
1180,58,7,8.46,3.94,3.68
1181,58,7,9.1,3.86,4.01
1182,58,7.1,8.8,3.48,3.24
1183,58,7.3,8.87,3.92,3.97
1184,58,7.1,9.11,3.74,3.58
1185,58,7.1,9.12,4.12,3.5
1186,58,7.2,8.04,3.78,3.22
1187,58,7.4,5.12,4.15,3.66
1188,58,7.3,8.5,3.66,3.62
1189,58,7.5,8.71,3.7,3.83
1190,58,7.3,8.02,3.84,3.37
1191,58,7.2,9.2,3.84,3.61
1192,58,7,8.45,3.92,2.98
1193,58,7.2,9.4,3.92,4.18
1194,58,7.3,8.04,3.56,3.7
1195,58,7.1,8.17,4.04,3.5
1196,58,5,4.8,1.65,2.19
1197,58,5.5,5,1.69,1.94
1198,58,4.8,6.1,1.83,2.52
1199,58,5.2,6.8,2.66,2.56
1200,58,4.3,6.11,2.32,2.25
1201,58,4.4,8.7,2.35,2.56
1202,58,3.4,4.15,1.96,2.23
1203,58,4.5,5.03,2.02,1.75
1204,58,4.7,7,3.11,2.94
1205,58,4.5,6.25,2.62,2.26
1206,58,4.7,6.61,2.53,2.42
1207,58,4.6,6.6,2.3,2.14
1208,58,4.7,6.2,2.42,2.34
1209,58,4.6,6.18,2.38,2.48
1210,58,4.1,5.3,1.62,1.88
1211,58,4.1,6,1.83,2.36
1212,58,5.1,8,3.1,2.8
1213,58,5,7.2,4.09,4
1214,58,4.5,4.2,2.35,2.3
1215,58,4.5,6.4,3.35,3.2
1216,58,5,7.73,1.74,2
1217,58,5.1,6.02,1.77,1.72
1218,58,5.2,5.1,1.48,1.74
1219,286,7.3,8.3,3.73,4.14
1220,286,6.8,7.5,3.37,3.89
1221,286,6.3,7.3,3.44,3.1
1222,286,7.8,8,3.1,3.96
1223,286,8,9,3.88,4.06
1224,286,7.8,9.1,3.68,3.98
1225,286,6.5,8,3.93,3.92
1226,286,6.3,6.2,2.64,3.19
1227,286,7.5,9,3.65,4.45
1228,286,7.3,8.4,3.28,3.87
1229,286,6.8,8,3.4,4.19
1230,286,7.4,9,3.58,3.69
1231,286,7.4,9,3.74,4.3
1232,286,7.6,9.2,3.26,4.1
1233,286,7.5,8.3,3.95,3.83
1234,286,7.5,8.9,3.8,3.46
1235,286,7.3,8.5,3.18,3.18
1236,286,7.5,9.3,3.66,3.96
1237,286,7.3,8.3,3.69,3.9
1238,286,7.4,9.3,3.38,3.82
1239,286,7.6,8.9,3.38,3.98
1240,286,7.6,8.7,3.2,3.48
1241,286,7.2,7.3,3.28,3.74
1242,286,7.4,8.8,3.54,4.1
1243,286,7.5,9.2,3.25,3.9
1244,286,6,7.8,2.68,2.35
1245,286,5.2,7.6,2.81,2.46
1246,286,5.3,6.6,2.68,2.77
1247,286,6,7.9,3.56,2.88
1248,286,5.7,7.5,3.3,3.62
1249,286,6.3,7.3,3.46,3.27
1250,286,6,7.9,2.85,3.1
1251,286,5.8,7.5,2.8,2.75
1252,286,5.4,7,2.75,1.9
1253,286,4.4,9.89,2.51,2.89
1254,286,4.3,8.19,3.12,3.38
1255,286,4.4,8.46,2.73,2.55
1256,286,4.1,6.68,2.82,2.55
1257,286,4.3,8.2,3.09,2.68
1258,286,4.1,8.65,3.33,4.2
1259,286,4.3,8.26,2.75,3.18
1260,286,4.3,8.68,2.85,2.78
1261,286,4.1,7.42,2.36,2.26
1262,286,5,9.8,3.95,3.48
1263,286,4.4,6.1,2.74,2.985
1264,286,4,5.7,2.35,3.16
1265,286,5,5.4,2.93,2.96
1266,286,5.3,5.8,2.75,2.65
1267,286,4.5,4.7,2.95,2.33
1268,286,4.7,4.43,1.16,1.32
1269,286,4.9,5.75,1.62,1.36
1270,286,4.5,4.8,1.42,1.26
1271,286,5,6.38,2.52,3.1
1272,286,4.8,5.55,2.38,2.12
1273,286,5.1,7,2.65,2.4
1274,286,5.1,6.64,2.74,2.8
1275,286,5.6,6.2,2.49,2.72
1276,286,5.9,8.4,2.43,2.76
1277,286,6.1,7.77,2.22,2.38
1278,286,5.8,7.21,2.3,2.14
1279,20,6.3,7.02,3.3,3.8
1280,20,7.5,8.96,4.1,4.2
1281,20,7.5,8.71,3.5,3.8
1282,20,7.3,9.5,4.06,4.86
1283,20,7.1,8,3.4,3.9
1284,20,6.8,8.4,3.8,3.6
1285,20,7,8.7,3.8,3.62
1286,20,6.8,8.9,3.53,3.8
1287,20,6.9,8.6,3.4,4.15
1288,20,6.8,7.8,3.34,4.1
1289,20,6.5,7.7,3.38,3.56
1290,20,7,8.2,3.49,3.67
1291,20,6.8,7.5,3.33,3.4
1292,20,7.1,8.5,3.73,4.23
1293,20,7.5,8.8,3.77,4.17
1294,20,7.6,9.5,3.93,4.1
1295,20,7.8,9.6,3.51,4.01
1296,20,7.3,9.2,4.06,4.18
1297,20,7.1,8,3.95,3.78
1298,20,7.8,9.4,3.41,4.35
1299,20,7.8,9.1,3.84,3.71
1300,20,7.1,7.8,3.86,4.08
1301,20,7.3,9,3.59,4.19
1302,20,5,6.5,2.12,2.08
1303,20,5.5,6.6,2.25,2.26
1304,20,5.2,5.5,2.14,2.07
1305,20,5.5,7.3,2.59,2.08
1306,20,5.2,6.8,2.4,2.66
1307,20,5.2,6.3,3.12,2.78
1308,20,6,7.9,3.19,3.55
1309,20,6,8.2,2.81,2.97
1310,20,5.9,7.6,3.81,3.66
1311,20,6,8,3.67,3.99
1312,20,6.3,7.8,3.42,3.75
1313,20,6.5,8,3.52,3.56
1314,20,4.7,6.88,2.73,3.17
1315,20,4.6,7.58,2.56,3.15
1316,20,4.5,7.35,2.64,3.06
1317,20,4.2,2.33,6.95,3.01
1318,20,4.1,6.32,2.72,2.68
1319,20,4.3,6.05,2.38,2.51
1320,20,4.4,6.5,2.23,2.08
1321,20,4.3,6.9,2.42,2.61
1322,20,4.1,6.74,2.14,1.76
1323,20,3.5,4.9,2.07,1.98
1324,20,3.7,6.01,2.22,2.06
1325,20,4,6.8,3.27,3.15
1326,20,4.3,5.4,2.59,2.16
1327,20,5.3,7.4,3.34,3.1
1328,20,4.9,5.4,2.6,2.42
1329,20,3.2,4.2,2.47,2.55
1330,20,4.3,5,1.93,2.22
1331,20,4.5,5.5,1.28,1.45
1332,20,4.1,6.8,1.78,2.26
1333,20,4.6,5.17,1.58,2.06
1334,20,4.5,4.46,1.96,2.67
1335,20,4.8,5.83,2.77,3.33
1336,20,3.1,3.74,1.53,2.2
1337,20,4.7,6.38,1.8,2.18
1338,20,4.3,4.37,1.58,2.15
1339,41,6.4,7.74,3.92,3.68
1340,41,6.5,8.21,4.1,4.4
1341,41,7.2,9.3,4.1,4.2
1342,41,7.3,9,3.7,3.9
1343,41,7.3,9.3,4.1,4.8
1344,41,6.8,9.9,4.2,4.3
1345,41,6.9,9.4,3.85,4.05
1346,41,7,9.7,3.7,3.9
1347,41,7.2,8.73,3.98,3.23
1348,41,7.4,8.3,4.07,3.5
1349,41,7.3,8.22,3.71,3.55
1350,41,7.4,9.4,3.58,3.46
1351,41,7.2,8.75,3.68,3.58
1352,41,7.4,7.24,3.56,3.06
1353,41,7.4,7.06,3.17,3.21
1354,41,7.2,8.61,3.62,3.98
1355,41,7.2,7.38,3.62,3.13
1356,41,7.1,9.05,3.88,4.06
1357,41,7.2,8.14,3.34,3.54
1358,41,7.1,8.67,3.85,3.9
1359,41,7.3,8.25,3.68,2.88
1360,41,7.1,8.35,3.55,2.92
1361,41,7.1,8.4,3.63,3.91
1362,41,7.1,8.5,3.38,3.88
1363,41,7.2,9.36,3.71,4.19
1364,41,5.2,6.1,2.27,1.86
1365,41,5,5.6,1.95,1.86
1366,41,5.5,4.6,1.38,2.07
1367,41,5.6,7.6,3.5,2.47
1368,41,5.5,6.8,2.47,2.95
1369,41,5.4,6.3,2.98,2.71
1370,41,5.2,7.2,3.14,3.62
1371,41,5.5,7.6,3.49,3.2
1372,41,5.5,6.7,2.59,2.27
1373,41,6.12,7.6,3.28,2.88
1374,41,4.1,6.92,2.16,2.34
1375,41,4.3,6.15,2.03,2.66
1376,41,4.1,7.08,2.62,2.32
1377,41,4.1,6.22,3.18,2.93
1378,41,4.3,6.18,3.06,2.67
1379,41,4.1,6.52,2.12,2.37
1380,41,4.5,6.13,2.43,2.36
1381,41,5.4,6.42,2.57,1.78
1382,41,5,6.7,2.85,2.69
1383,41,4.9,6.02,1.95,2.22
1384,41,4.8,5.4,2.1,2.32
1385,41,5,4.44,1.6,1.98
1386,41,4.8,7.22,2.22,2.57
1387,41,4.8,6.73,2.35,2.22
1388,41,4.9,4,1.28,1.7
1389,41,4.8,4.78,1.54,1.7
1390,5,6.1,6.24,3.1,3.4
1391,5,6.4,6.72,3.3,3.6
1392,5,7,7.8,3.66,4.2
1393,5,7.3,8.4,3.7,3.8
1394,5,7.6,8.7,3.5,4.1
1395,5,6.5,8.9,3.37,3.89
1396,5,7,8.4,4.03,3.85
1397,5,6.8,8.4,3.4,3.88
1398,5,7.1,8.5,3.98,4.26
1399,5,7.5,9.5,4.06,4.28
1400,5,7.3,9.6,3.9,4.26
1401,5,7.1,8.5,3.9,4.05
1402,5,7.3,8.4,3.43,3.52
1403,5,7.6,10,3.85,4.65
1404,5,7.8,10.2,3.85,4.46
1405,5,7.4,9.4,4.3,4.68
1406,5,7.5,10,4.94,5.51
1407,5,7.1,8.9,4.11,4.31
1408,5,7.2,9,3.97,4.24
1409,5,6.4,7.5,2.89,3.46
1410,5,6.9,9,3.34,4.15
1411,5,7,8.2,3.58,4.06
1412,5,7.6,9.2,3.46,4.08
1413,5,8,9.4,3.15,3.8
1414,5,7.5,8,3.78,3.84
1415,5,4.5,4.4,2.07,1.97
1416,5,4.3,4.8,1.78,1.97
1417,5,4.5,4.7,2.22,2.07
1418,5,6,7.7,2.92,3.15
1419,5,6.1,8.2,2.61,2.85
1420,5,5.3,6.8,3.18,2.58
1421,5,6.1,7.9,3.28,3.28
1422,5,6,6.9,3.36,3.41
1423,5,4.4,8.85,3.02,2.96
1424,5,4.3,8.5,2.42,2.32
1425,5,4.1,7.12,3.27,2.5
1426,5,4.1,6.02,1.97,2.22
1427,5,4.1,6.05,2.12,2.75
1428,5,4.1,6.98,2.36,2.58
1429,5,4.3,6.29,2.16,2.62
1430,5,4.2,5.35,1.42,1.72
1431,5,4.3,6.95,2.25,2.9
1432,5,3.7,6.08,2.28,2.08
1433,5,3.5,6.31,1.76,2.43
1434,5,3.3,6.47,2.16,2.06
1435,5,4.5,4.3,2.51,2.87
1436,5,4.7,4.8,2.71,2.69
1437,5,4.7,5.2,3.2,2.85
1438,5,4.9,5.82,2.84,2.6
1439,5,4.7,4.87,2.3,2.62
1440,46,7.1,7.11,3.73,3.7
1441,46,7.2,8.91,3.9,3.54
1442,46,7.1,8.57,3.97,3.87
1443,46,7.3,8.7,3.96,3.96
1444,46,7.2,8.57,3.8,4.1
1445,46,7.3,8.98,4.1,4.12
1446,46,7.2,9.3,3.76,3.5
1447,46,7.1,8.32,3.73,3.76
1448,46,7.3,8.59,3.77,3.7
1449,46,7.2,7.96,3.91,3.26
1450,46,7.4,9.37,4,3.39
1451,46,7.5,8.02,3.72,3.47
1452,46,7.4,8.3,3.75,3.6
1453,46,7.3,7.79,3.98,2.88
1454,46,7.4,8.78,4,3.17
1455,46,7.3,9.1,4.1,3.53
1456,46,7.4,9.5,3.92,3.68
1457,46,7.3,8.78,3.93,3.52
1458,46,7.1,9.6,4.12,3.72
1459,46,7.2,8.52,3.63,3.42
1460,46,7.2,8.8,3.88,3.23
1461,46,7.3,8.17,4.03,4
1462,46,7.2,7.26,4.13,3.28
1463,46,7.3,7.787,4.18,3.57
1464,46,7.2,8.2,3.28,3.55
1465,46,7.3,9.55,3.83,3.8
1466,46,7.1,9.21,4.03,3
1467,46,5.4,5,1.96,2.71
1468,46,5.5,4.9,1.69,2.22
1469,46,5.2,3.8,1.64,2.45
1470,46,5.4,5.7,2.01,2.74
1471,46,5.5,6.2,2.56,3
1472,46,6.1,6.5,2.64,2.93
1473,46,5.5,6.8,3.24,3.69
1474,46,6.1,6.6,2.52,3.42
1475,46,6.2,7.4,3.04,3.72
1476,46,4.5,6.21,2.54,2.72
1477,46,6.8,7.78,2.6,2.65
1478,46,4.3,6.21,2.26,2.66
1479,46,4.1,7,2.22,1.84
1480,46,3.7,6.32,2.28,2.15
1481,46,3.9,6.08,1.08,1.4
1482,46,3.1,5.31,1.46,1.62
1483,46,5.1,5.81,1.25,1.3
1484,46,5,4.93,1.11,1.05
1485,46,4.8,5.31,1.46,1.67
1486,51,7.3,8.5,3.38,3.91
1487,51,7,8.3,3.48,3.98
1488,51,6.8,8.3,3.4,3.7
1489,51,7.3,7.8,3.18,3.73
1490,51,7.5,8,3.06,3.16
1491,51,7.4,8,3.46,3.69
1492,51,7.3,8.3,3.52,3.36
1493,51,7.3,8.7,3.56,3.43
1494,51,7.4,9.1,3.86,3.77
1495,51,7.4,9.1,3.86,3.77
1496,51,7.3,8,3.63,3.71
1497,51,7.6,9.1,3.55,3.85
1498,51,7.5,8.3,3.66,4.03
1499,51,7.5,8.8,3.35,3.54
1500,51,7.5,9.2,3.54,4.32
1501,51,7.5,8.6,3.94,3.92
1502,51,7.5,8.7,3.12,3.72
1503,51,7.4,8.2,3,3.35
1504,51,7.5,9.4,3.26,3.71
1505,51,7.6,9.9,3.89,3.86
1506,51,7.4,9.2,3.78,3.75
1507,51,7.5,10,3.91,4.16
1508,51,7.4,9.2,3.66,3.2
1509,51,7.1,8.9,3.8,3.81
1510,51,7,8.78,4.1,3.47
1511,51,7.1,8.95,3.95,4.05
1512,51,4.9,7.4,2.72,2.58
1513,51,6.5,7.8,3.27,3.4
1514,51,6,8,2.65,3.24
1515,51,5.5,7.2,3.48,3.07
1516,51,4.3,8.75,2.52,3.08
1517,51,4.3,8,2.65,2.98
1518,51,4.8,6.4,2.46,2.33
1519,51,4.7,7.51,3.02,2.88
1520,51,4.3,5.7,1.54,1.56
1521,51,4.3,7.36,2.36,2.74
1522,51,4.2,6.4,2.36,2.64
1523,51,4.3,6.76,1.98,2.24
1524,51,4.1,4.65,4.93,1.84
1525,51,4.3,5.72,1.9,2.16
1526,51,4.5,6.33,2.42,2.15
1527,51,4.6,5.6,1.85,2.18
1528,51,4.7,5.75,1.6,2.48
1529,51,4.5,7.74,2.47,2.73
1530,51,4.1,6.96,2.23,2.56
1531,51,4.2,5.95,1.43,1.12
1532,51,3.2,3,1.98,1.73
1533,51,4.2,5.2,3.05,3.18
1534,51,3,3.2,2.22,2.1
1535,51,4.7,4.6,2.41,1.94
1536,51,4.8,5,2.9,3.49
1537,51,4.8,5.1,1.35,1.36
1538,51,5,5.64,1.51,1.73
1539,51,4.6,5.5,1.82,2.46
1540,51,4.9,6.61,3,2.64
1541,51,5,6.5,2.44,2.2
1542,51,5,5.5,1.85,1.78
1543,51,5.3,6.02,1.62,2.27
1544,51,5.3,6.45,2.58,2.67
1545,50,6.8,9.3,3.5,4.3
1546,50,6.8,9.2,4.36,4.12
1547,50,6.4,7.7,3.43,3.48
1548,50,7.1,8.5,3.81,4.03
1549,50,6.7,8,3.4,4
1550,50,6.5,8.4,3.53,3.78
1551,50,7.5,9.4,4.34,4.18
1552,50,7.5,8.6,4.26,3.92
1553,50,7.5,8.8,3.73,4.16
1554,50,7.8,8.5,3.78,4.12
1555,50,7.9,9.4,3.84,4.47
1556,50,7.8,8.7,3.56,4.53
1557,50,7.2,8,3.1,3.36
1558,50,7.3,8.5,4.03,3.83
1559,50,6.8,9,3.84,4.58
1560,50,7.8,8.7,3.46,3.91
1561,50,8,8.5,3.34,4.14
1562,50,7.8,9.3,3.46,4.46
1563,50,7.2,9.3,3.56,3.99
1564,50,7.3,8.5,3.32,3.67
1565,50,7.5,9.8,3.66,4.47
1566,50,7.5,9.2,3.57,3.92
1567,50,7.4,8.9,3.18,3.33
1568,50,7.5,9.2,3.04,4.05
1569,50,5,6.2,3.26,2.8
1570,50,4.8,6,2.95,2.21
1571,50,6.1,8,2.99,3.17
1572,50,5.4,6.3,2.25,2.15
1573,50,5.2,6.1,2.6,3.4
1574,50,6,7.2,2.7,3.35
1575,50,4.3,5.82,2.42,2.83
1576,50,4.1,6.97,2.56,2.7
1577,50,4.1,6.36,6.36,2.75
1578,50,4.1,7.2,2.82,2.56
1579,50,4.1,7.06,2.57,2.27
1580,50,4.3,7.78,2.82,2.05
1581,50,4.2,6.68,2.58,2.57
1582,50,4.1,6.19,2.54,2.44
1583,50,4.1,6.3,2.23,3.01
1584,50,4.8,8.4,3.3,3.06
1585,50,3.6,4,2.06,2.22
1586,50,4.5,6.1,3.88,2.88
1587,50,3.5,5,2.48,3.05
1588,50,4.8,5.2,2.42,2.1
1589,50,3.5,4.4,1.47,2.07
1590,50,4.6,5.9,2.18,1.92
1591,50,4.7,4.9,1.18,1.24
1592,50,4.6,5.34,2.42,2.72
1593,50,4.9,6.66,2.47,3.12
1594,7,6.8,6.87,3.6,3.5
1595,7,5.7,5.25,2.6,3.2
1596,7,6.8,6.8,3.7,3.7
1597,7,6.9,7.9,3.6,3.4
1598,7,6.8,8,3.65,3.45
1599,7,7.1,8.8,3.8,3.9
1600,7,6.8,8.5,3.8,4
1601,7,6.5,7.9,3.3,4.16
1602,7,6.8,8.7,4.03,4.26
1603,7,7,9.3,4.03,4.5
1604,7,7,9.2,3.4,3.74
1605,7,6.9,8.3,3.73,4.63
1606,7,6.8,9.2,3.6,4.03
1607,7,6.8,8.3,3.3,3.9
1608,7,7.1,9.6,4.46,4.44
1609,7,7.7,10.1,4.3,4.45
1610,7,7.8,10.1,3.98,4.26
1611,7,7.7,8.5,3.6,3.24
1612,7,7.1,8.96,3.64,3.62
1613,7,7.2,8.8,3.33,3.58
1614,7,7.1,8.46,4.15,3.88
1615,7,7.3,8.07,2.99,2.96
1616,7,7.4,8.27,3.3,3.03
1617,7,7.3,8.72,3.43,4.08
1618,7,7,8.14,3.33,3.29
1619,7,5,6,2.25,1.8
1620,7,5.5,5.7,2.18,1.97
1621,7,5.2,6.6,2,2.35
1622,7,6.2,6.9,3.52,3.43
1623,7,5.8,7.5,3.11,3.7
1624,7,5.8,6.8,3.2,3.54
1625,7,5.2,6.3,2.79,3.25
1626,7,4.3,6.49,2.83,2.71
1627,7,4.1,5.85,2.29,2.32
1628,7,4.3,7.6,2.68,2.68
1629,7,4,6.68,2.25,2.36
1630,7,4.1,8.62,2.74,2.37
1631,7,4.3,6.27,2.12,2.15
1632,7,4.4,7.31,2.8,2.78
1633,7,4.3,7.26,2.33,3.32
1634,7,3.1,5.17,1.8,1.77
1635,7,3.3,6.88,2.03,2.51
1636,7,4.8,5.8,2.96,2.7
1637,7,4.7,4.8,2.71,2.69
1638,7,4.7,5.22,2.02,2.04
1639,7,4.7,5.68,1.77,2.12
1640,7,4.2,4.4,2.1,1.92
1641,7,4.5,4.96,1.68,2.74
1642,7,4.5,4.72,1.92,1.52
1643,7,4.1,3.76,1.5,1.6
1644,34,7.1,10,4.15,3.85
1645,34,7.1,9.46,3.92,4.26
1646,34,7.1,9.1,3.95,4.17
1647,34,7,7.35,3.35,3.46
1648,34,7.1,8.7,3.94,3.76
1649,34,7.2,8.18,3.57,3.03
1650,34,7.1,7.72,3.43,3.16
1651,34,7.1,8.3,4.1,3.71
1652,34,7,6.18,3.73,3.2
1653,34,7.3,8.9,3.57,3.6
1654,34,7.1,8.62,3.64,3.48
1655,34,7.2,9.15,3.4,4.05
1656,34,7.1,8.7,4.06,3.66
1657,34,7.1,9.15,4.01,3.64
1658,34,7.2,8.94,4.2,3.55
1659,34,7.3,8.65,4.14,3.52
1660,34,7.2,8.51,3.64,3.47
1661,34,7,9.17,3.72,4.1
1662,34,7.4,7.82,3.7,3.26
1663,34,7.3,8.09,3.33,2.95
1664,34,7.4,8.17,3.6,3.02
1665,34,7.4,8.65,3.76,3.34
1666,34,7.2,8.58,3.91,3.56
1667,34,7.3,8.41,3.44,3.98
1668,34,7.5,8.05,3.86,2.76
1669,34,7.3,7.46,2.93,2.47
1670,34,7.1,7.18,3.3,3.15
1671,34,4.2,5.6,1.74,2.45
1672,34,5,5.5,1.65,2.32
1673,34,4.8,4.9,1.77,2.5
1674,34,5.3,6.8,2.77,2.51
1675,34,4.1,6.87,2.81,2.87
1676,34,4.1,6.2,2.32,2.62
1677,34,4.1,5.6,2.25,2.27
1678,34,4.5,7.74,2.47,2.73
1679,34,4.3,5.55,2.25,2.01
1680,34,4.6,5.7,2.45,1.99
1681,34,4.3,6.52,1.66,1.42
1682,34,4.1,6.46,1.82,1.67
1683,34,4.3,6.42,1.92,1.74
1684,34,4.1,6.53,2.26,1.88
1685,34,4.6,8.15,2.84,2.25
1686,34,4.5,7.1,2.42,2.48
1687,34,4.5,5.24,1.66,2.3
1688,34,4.2,4.62,1.95,2.45
1689,34,4.6,4.37,1.82,2.47
1690,34,4.8,4.27,2.87,2.65
1691,34,5,6.4,1.84,1.76
1692,65225,7.3,9.48,4.16,3.71
1693,65225,7.2,9.1,4.2,3.15
1694,65225,7.1,7.42,3.82,3.34
1695,65225,7.4,8.53,3.71,3.84
1696,65225,7.2,8.95,4.02,3.6
1697,65225,7.3,8.4,3.58,3.76
1698,65225,7.1,9.2,3.78,4.08
1699,65225,7,8.89,4.04,3.57
1700,65225,7.1,8.21,4.04,3.32
1701,65225,7.4,7.74,3.98,2.76
1702,65225,7.3,8.2,4.04,3.08
1703,65225,7.1,9.22,3.93,3.09
1704,65225,7.2,7.86,3.97,3.17
1705,65225,7.1,7.51,3.77,3.23
1706,65225,7.3,8.22,4.22,3.54
1707,65225,7,8.83,4.04,3.98
1708,65225,7.1,7.4,3.27,3.47
1709,65225,6.9,7.05,3.12,2.88
1710,65225,7.4,9.15,3.87,3.92
1711,65225,7.3,8.12,3.82,3.25
1712,65225,7.1,8.25,3.72,4.06
1713,65225,7.3,8.32,3.85,3.63
1714,65225,7.4,8.58,3.92,3.71
1715,65225,7.5,8.13,3.11,3.53
1716,65225,7.3,7.88,3.62,3.76
1717,65225,7.6,8.31,3.13,3.88
1718,65225,4.8,4.9,1.97,2.33
1719,65225,5,5.2,2.15,2.05
1720,65225,5.3,5.4,1.73,2.44
1721,65225,5.1,5.9,2.51,2.48
1722,65225,4.1,6.26,1.84,2.22
1723,65225,4.3,6.61,2.47,2.58
1724,65225,4.3,7.58,2.32,2.24
1725,65225,4.1,6.9,2.37,2.17
1726,65225,4.2,5.95,2.32,2.17
1727,65225,4.1,6.4,2.31,2.45
1728,65225,4.8,7.65,2.35,2.42
1729,65225,4.5,7.58,2.68,2.57
1730,65225,4.3,7.41,2.22,2.38
1731,65225,5.3,7.65,1.92,2.22
1732,65225,5.2,6.43,1.78,1.84
1733,65225,4.9,4.55,1.35,1.45
1734,65225,4.7,5.1,2.16,2.44
1735,65225,5,4.37,1.12,1.48
1736,65225,4.9,5.3,1.43,1.77
1737,30,7.5,9,3.75,4.02
1738,30,7.4,9.2,3.67,4.09
1739,30,7.3,8.8,3.5,3.68
1740,30,7.6,9.1,3.89,4.08
1741,30,7.2,8.2,3.39,2.99
1742,30,7.6,9.9,3.55,3.59
1743,30,7.4,8.2,3.58,3.46
1744,30,7.4,8,3.55,3.44
1745,30,7.7,9.5,3.63,4.18
1746,30,7.7,8.6,3.32,3.53
1747,30,7.6,9.1,3.62,4.05
1748,30,7.5,9.5,3.55,3.77
1749,30,7.6,9.5,3.92,4.15
1750,30,7.6,9.4,3.47,3.3
1751,30,7.1,8.8,3.73,3.46
1752,30,7.1,9.07,3.97,3.47
1753,30,7,8.11,3.36,3.51
1754,30,7,8.01,3.89,3.53
1755,30,7.1,8.24,3.98,3.84
1756,30,7.2,8.64,4.15,3.98
1757,30,7.2,8.25,3.47,3.48
1758,30,7,9.42,4.1,3.56
1759,30,7.1,9.4,3.55,3.71
1760,30,7.3,9.61,4.12,3.9
1761,30,7.2,9.12,4.05,3.52
1762,30,7.3,9.57,4.2,4.01
1763,30,4.5,4.7,2.25,2.5
1764,30,5.5,5.9,2.84,2.99
1765,30,4.3,7.5,2.15,1.92
1766,30,4.4,7.18,2.44,2.22
1767,30,4.3,7.61,2.08,2.18
1768,30,4.3,7.6,2.66,2.62
1769,30,4.7,7.9,3.48,3.04
1770,30,4.8,7.61,3.02,3.33
1771,30,4.3,7.85,2.98,3
1772,30,4.5,7.25,3.01,2.83
1773,30,4.3,6.35,2.45,2.92
1774,30,4.6,6.35,2.22,1.93
1775,30,4.6,6.7,2.4,3.26
1776,30,4.3,6.39,3.25,2.35
1777,30,4.6,5.82,1.73,1.88
1778,30,4.7,7.79,2.54,3.3
1779,30,4.7,6.79,2.92,2.76
1780,30,4.1,6,2.05,1.68
1781,30,4.1,6.39,2.2,1.88
1782,30,5.1,7.3,3.15,2.84
1783,30,4.7,6.2,3.57,2.93
1784,30,4.2,4.6,2.61,2.8
1785,30,4.5,4.6,2.69,2.7
1786,30,4.4,5.67,2.5,1.98
1787,30,4.8,4.73,2.2,1.92
1788,30,5,6.81,1.96,2.28
1789,30,4.3,4.2,1.34,1.93
1790,30,5,7.6,2.08,1.86